{"Achievements/defeat_orc_mage":0.17006802558898926,"Achievements/collect_wood":98.63945007324219,"Achievements/make_arrow":20.74829864501953,"Achievements/enter_gnomish_mines":0,"Achievements/defeat_orc_solider":1.0204081535339355,"_timestamp":1.764170251525596e+09,"Achievements/eat_snail":0,"_step":5710,"episode_lengths":328.9234619140625,"Achievements/make_wood_pickaxe":31.632652282714844,"ratio_0":1,"Achievements/eat_bat":0,"Achievements/drink_potion":21.428571701049805,"Achievements/cast_spell":0,"Achievements/enchant_sword":0,"Achievements/defeat_lizard":0,"Achievements/place_table":94.72789001464844,"Achievements/collect_sapphire":2.040816307067871,"_runtime":14343.128792045,"Achievements/defeat_fire_elemental":0,"value_loss":0.7214604020118713,"Achievements/eat_plant":0,"Achievements/damage_necromancer":0,"Achievements/defeat_skeleton":39.11564636230469,"_wandb":{"runtime":14343},"Achievements/learn_spell":0,"Achievements/enter_vault":0,"Achievements/collect_sapling":33.33333206176758,"Achievements/enter_graveyard":0,"Achievements/enter_sewers":0,"Achievements/defeat_gnome_archer":0,"Achievements/place_furnace":74.3197250366211,"Achievements/defeat_archer":0,"Achievements/defeat_ice_elemental":0,"Achievements/open_chest":38.43537521362305,"episode_returns":41.248992919921875,"Achievements/collect_diamond":1.360544204711914,"Achievements/defeat_pigman":0,"approx_kl":0.009693820029497147,"Achievements/make_torch":14.965986251831055,"Achievements/defeat_zombie":51.87074661254883,"Achievements/defeat_deep_thing":0,"Achievements/defeat_troll":0,"Achievements/eat_cow":27.040815353393555,"Achievements/place_torch":13.095237731933594,"env_step":374210560,"Achievements/collect_drink":66.32653045654297,"Achievements/make_wood_sword":85.88435363769531,"Achievements/make_iron_armour":0,"Achievements/enter_troll_mines":0,"Achievements/collect_coal":63.775508880615234,"Achievements/collect_stone":81.80271911621094,"clip_frac":0.0725962370634079,"Achievements/make_diamond_armour":0,"Achievements/wake_up":92.00679779052734,"Achievements/make_stone_pickaxe":21.428571701049805,"Achievements/collect_food":66.66666412353516,"total_loss":0.33425360918045044,"Achievements/defeat_gnome_warrior":0,"Achievements/place_stone":29.421768188476562,"Achievements/collect_iron":3.911564588546753,"Achievements/collect_ruby":1.7006802558898926,"Achievements/make_iron_pickaxe":0.3401360511779785,"Achievements/make_diamond_pickaxe":0.17006802558898926,"Achievements/place_plant":33.163265228271484,"Achievements/fire_bow":9.863945007324219,"Achievements/defeat_knight":0,"Achievements/enter_dungeon":46.42856979370117,"Achievements/enter_ice_realm":0,"actor_loss":-0.0021640025079250336,"Achievements/make_stone_sword":15.306121826171875,"Achievements/defeat_necromancer":0,"Achievements/make_diamond_sword":0,"Achievements/enter_fire_realm":0,"Achievements/find_bow":13.43537425994873,"Achievements/make_iron_sword":0,"ratio":1.0005240440368652,"Achievements/defeat_frost_troll":0,"entropy":2.4312586784362793,"Achievements/enchant_armour":0,"Achievements/defeat_kobold":0}